coin,source,text
MANTRA,Reddit,"Mantra, market makers allegedly exploited validation gaps to inflate OM token liquidity"
MANTRA,Reddit,"If your coin has a CEO, your money and you are going to have a BAD time."
MANTRA,Reddit,MANTRA token rebounds slightly as co-founder promises 'post-mortem'
MANTRA,Reddit,Trader Loses $3.3M on MANTRA (OM) as Its Price Crashes 90%
MANTRA,Reddit,"$227,000,000 Worth of OM Tokens Moved to Crypto Exchanges Prior to 90% Price Collapse of Mantra: On-Chain Data"
MANTRA,Reddit,Managing Risk on Crypto Stored in a Hardware Wallet
MANTRA,Reddit,Interviewing the ceo of MANTRA $OM which crashed -90%
MANTRA,Reddit,Why did the insiders take off with the cash? Will they be convicted? OM - Mantra
MANTRA,Reddit,Another panic sell incoming?
MANTRA,Reddit,This just makes me sick lol
MANTRA,Reddit,This is so beautiful.
MANTRA,Reddit,à¤®à¤¨à¥‹à¤•à¤¾à¤®à¤¨à¤¾ à¤ªà¥‚à¤°à¥€ à¤•à¤°à¤¨à¥‡ à¤•à¥‡ à¤²à¤¿à¤ à¤°à¤¾à¤® à¤¨à¤¾à¤® à¤²à¥‡à¤–à¤¨ à¤•à¥ˆà¤¸à¥‡ à¤•à¤°à¥‡à¤‚ | à¤°à¤¾à¤® à¤²à¥‡à¤–à¤¨ | à¤ªà¥à¤°à¤¤à¤¿à¤¦à¤¿à¤¨ à¤°à¤¾à¤® à¤²à¤¿à¤–à¥‡] à¤°à¤¾à¤® à¤¨à¤¾à¤® à¤•à¥ˆà¤¸à¥‡ à¤²à¤¿à¤–à¥‡à¤‚ |
MANTRA,Reddit,New mantra video's
MANTRA,Reddit,Happy MahaNavami to all
MANTRA,Reddit,[WIN your Inner Battles] with this Musical Bhagavad Gita - Ch 1
MANTRA,DuckDuckGo,"The liveMANTRAprice today is $0.788 USD with a 24-hour trading volume of $1,463,665,075.54 USD. We update our OM to USD price in real-time."
MANTRA,DuckDuckGo,"In one of the most dramatic implosions in recentcryptoevents,MANTRA'sOM token crashed 90% within hours, wiping out over $5.4 billion in market value. The price collapsed from $5.21 to $0.50 ..."
MANTRA,DuckDuckGo,MANTRAoffers a permissionless chain for the tokenization and trading of real world assets in accordance with regulatory requirements.
MANTRA,DuckDuckGo,"AfterMantrasuffered a 90% collapse, co-founder JP Mullin joins Coinage to explain what went wrong"
MANTRA,DuckDuckGo,"Over the weekend,cryptotraders were likely anything but zen, as the price of OMâ€”the native token to theMantrablockchainâ€”crashed more than 90%. On Sunday, OM prices fell from around $6.30 ..."
MANTRA,DuckDuckGo,"MantraDeFi collapse wiped out $6 billion in minutes as the token lost 90% of its value, raising questions about insider trading."
MANTRA,DuckDuckGo,"Track the latestMANTRAprice, market cap, trading volume, news and more with CoinGecko's live OM price chart and popular cryptocurrency price tracker."
MANTRA,DuckDuckGo,"Mantra'sOM tokens experienced a dramatic 90% drop in value within hours, causing widespread speculation and concern in thecryptocommunity. TheMantrateam attributed the price drop to reckless ..."
MANTRA,DuckDuckGo,"MANTRA'sOM token plunged 90% in one hour, erasing $5.5 billion in value. Reports cite insider activity, OTC deals, and mass panic selling."
MANTRA,DuckDuckGo,The price of theMantra(OM) token plummeted by over 90% on April 13 in a rapid and inexplicable collapse of the token's price.
WalletConnect Token,Reddit,A new Sepolia Testnet Faucet - Rust/WASM
WalletConnect Token,Reddit,Web3 and Blockchain Domains 101: A Beginner's Guide
WalletConnect Token,Reddit,AMA with Pedro - Founder @ WalletConnect
WalletConnect Token,Reddit,"tokens were withdrawn from my wallet right after I bought it, what's the problem?"
WalletConnect Token,Reddit,WalletConnect Founder: Time Was Right For WCT Token Launch Based on 'Token-Market Fit' - Decrypt
WalletConnect Token,Reddit,Need help with swapping solana on raydium for musk it meme with trust wallet. TIA 4 any help. I made a post but don't see it.
WalletConnect Token,Reddit,Hereâ€™s my best Bull case for 2025â€¦.
WalletConnect Token,Reddit,Buyer Beware! Uniswap scam alert!
WalletConnect Token,Reddit,14 tools that'll supercharge your crypto experience 
WalletConnect Token,Reddit,A hassel for a Rookie like me!.
WalletConnect Token,DuckDuckGo,"WalletConnectTokenis a global digital currency exchange offering cryptocurrency trading, advanced tools, and staking options for beginners and experts alike. ... Trump'scryptorevolution is ..."
WalletConnect Token,DuckDuckGo,"Thecryptoworld is buzzing with the launch ofWalletConnectToken(WCT), a governancetokenquickly capturing attention following its highly anticipated unlock and listings on major exchanges. With its transferability now enabled and significant backing from top market makers, WCT is emerging as one of the most closely watchedtokensthis week"
WalletConnect Token,DuckDuckGo,"Currently,WalletConnectTokenis valued at 0.15% below its all time high of $0.42. This all-time high was the highest price paid forWalletConnectTokensince its launch. The current circulating supply ofWalletConnectTokenis 186,200,000 WCT which means thatWalletConnectTokenhas as total market cap of $78,495,403.00."
WalletConnect Token,DuckDuckGo,"What is the price trend ofWalletConnectTokenin USD? Over the last 24 hours, the price ofWalletConnectToken(WCT) has gone down by -12.50% against the US Dollar (USD). In fact,WalletConnectTokenhas underperformed against the broadercryptomarket, which is down by -0.80%."
WalletConnect Token,DuckDuckGo,"The availability of theWalletConnectToken(WCT) on major centralized exchanges like Binance, OKX and many more reflects the growing recognition of the role ofWalletConnectin the infrastructure of web3. ... Permissionless IV serves as the definitive gathering forcrypto'stechnical founders, developers, and builders to come together and ..."
WalletConnect Token,DuckDuckGo,"TheWalletConnectToken, or WCT, is the native governance and utilitytokenof theWalletConnectNetwork. ... and reward mechanisms that support its shift toward decentralization. As thecryptoecosystem matures,WalletConnectprovides a practical solution for anyone looking to access dApps with greater control and security. TradeWalletConnect..."
WalletConnect Token,DuckDuckGo,"TheWalletConnectToken(WCT) is integral to theWalletConnectNetwork â€” fueling the onchain UX ecosystem by empowering its community of users, apps, and wallets to contribute to a better onchain future through shared incentives. Launching on Optimism's OP Mainnet, thetokenwill employ Ethereum's security and OP Mainnet's speed."
WalletConnect Token,DuckDuckGo,"The cryptocurrency ecosystem continues to expand rapidly, introducing innovative projects that reshape the digital finance landscape. Among these emerging players, theWalletConnectToken(WCT) stands out as a crucial component of theWalletConnectprotocol.More than just a digital asset, WCT is a pivotal tool designed to enhance the sustainability and decentralization of theWalletConnect..."
WalletConnect Token,DuckDuckGo,"WalletConnectis an open-source protocol that securely connectscryptowallets to decentralized applications (dApps) using QR codes or deep linking, ensuring private keys remain secure. ... WCTTokenInformation. TheWalletConnectecosystem heavily relies on the WCTtokenfor its dual purpose: it functions as a reward system and also ..."
WalletConnect Token,DuckDuckGo,"TheWalletConnectToken(WCT) is integral to theWalletConnectNetwork â€” fueling the onchain UX ecosystem by empowering its community of users, apps, and wallets to contribute to a better onchain future through shared incentives. Launching on Optimism's OP Mainnet, thetokenwill employ Ethereum's security and OP Mainnet's speed. ..."
Bittensor,Reddit,"Alt season didn't make it, but it seems AI subnet season is in full swing"
Bittensor,Reddit,Down 15%. How much can I expect if I hodl for the coming 6 months or so?
Bittensor,Reddit,Bitget Becomes the First CEX to Introduce Bittensor's TAO PoS Staking
Bittensor,Reddit,Just made Kekius Maximus Elons new Profile Pic in 3D in under 1 min
Bittensor,Reddit,Innerworks and Bittensor Join Forces to Launch RedTeam: A Decentralized Hub for Cybersecurity Innovation
Bittensor,Reddit,Wanna buy the dip
Bittensor,Reddit,"TAO, Rended or Chainlink?"
Bittensor,Reddit,AI Agents Took Over My Crypto Watchlist: Here's What I Learned
Bittensor,Reddit,I really need some advice on my crypto portfolio (1st cycle)
Bittensor,Reddit,Thoughts on Bittensor (TAO)?
Bittensor,Reddit,Did you mean to go to r/bittensor_ ?
Bittensor,DuckDuckGo,"The liveBittensorprice today is $234.27 USD with a 24-hour trading volume of $70,365,798.86 USD. We update our TAO to USD price in real-time. Cryptocurrencies. ...CryptoAPI Site Widgets. Campaigns. Airdrops Diamond Rewards Learn & Earn. Calendars. ICO Calendar Events Calendar. Learn."
Bittensor,DuckDuckGo,"Where can you buyBittensor? TAO tokens can be traded on centralizedcryptoexchanges. The most popular exchange to buy and tradeBittensoris Binance, where the most active trading pair TAO/USDT has a trading volume of $18,110,343.77 in the last 24 hours. Other popular options include KuCoin and Gate.io.. What is the daily trading volume ofBittensor(TAO)?"
Bittensor,DuckDuckGo,"Bittensoris an open-source protocol that powers a decentralized, blockchain-based machine learning network.It aims to create a market for artificial intelligence, where machine learning models train collaboratively and are compensated in TAO, the network's native cryptocurrency, based on the value they provide to the collective.Bittensoraims to foster an environment for open and permission ..."
Bittensor,DuckDuckGo,Earn passive income on 300+cryptoassets with flexible and locked terms. Advanced Earn. Maximize your returns with our advanced yield investment products. ...Bittensoris an decentralized protocol specifically designed for machine learning (ML) and artificial intelligence (AI). It provides a unique marketplace for users and providers of ML ...
Bittensor,DuckDuckGo,"Bittensor(TAO) is a cryptocurrency launched in 2021.Bittensorhas a current supply of 8,595,309. The last known price ofBittensoris 235.66433101 USD and is down -1.11 over the last 24 hours. It is currently trading on 145 active market(s) with $70,538,964.82 traded over the last 24 hours. More information can be found at https://bittensor.com."
Bittensor,DuckDuckGo,"BittensorPrice Today.Bittensor'scurrent price is $ 229.33, it has dropped-3.77 % over the past 24 hours..Bittensor'sAll Time High (ATH) of $ 756.84 was reached on 7 Mar 2024, and is currently -69.7 % down.. The current circulating supply ofBittensoris 8.60 Million coins, and the maximum supply ofBittensoris 21.00 Million..Bittensor's24 hour trading volume is $ 69.37 Million."
Bittensor,DuckDuckGo,"Bittensoris a decentralized, blockchain-powered network that enables open participation in artificial intelligence (AI) development. Unlike traditional AI platforms controlled by large companies,Bittensorallows individuals and organizations to contribute computational power to train, validate, and improve AI models while earning rewards ..."
Bittensor,DuckDuckGo,"Bittensor(TAO) is a decentralized network connecting global machine learning models, using Substrate-based blockchain architecture (like Polkadot) and a proof-of-stake consensus mechanism for energy efficiency.TAO tokens incentivize and reward miners for contributing computational resources, are used for transaction fees, governance, and accessing machine learning services, while also playing ..."
Bittensor,DuckDuckGo,"Get the latestBittensorprice in USD, currently at 239.17, live chart, 24h stats, market cap, trading volume, and real-time updates. ...Bittensornow holds the 41 position incrypto.news rankings, with a market capitalization of $2,473,259,576. The circulating supply of TAO is currently $7,270,185. The metrics are updated every minute for ..."
Bittensor,DuckDuckGo,"Bittensorprice today is $ 233.11 with a 24-hour trading volume of $ 165.80M, market cap of $ 2.00B, and market dominance of 0.08%.The TAO price decreased -1.93% in the last 24 hours..Bittensorreached its highest price on Apr 11, 2024 when it was trading at its all-time high of $ 776.03, whileBittensor'slowest price was recorded on May 14, 2023 when it was trading at its all-time low of ..."
Pi Network,Reddit,Neverending cycle
Pi Network,Reddit,shouldn't pi network's circulating supply be based on its unlocked coins instead of total migrated coins?
Pi Network,Reddit,Looking For a Crypto Influencer
Pi Network,Reddit,Pi Network - Warning flags
Pi Network,Reddit,Am I wrong ?
Pi Network,Reddit,Pi network
Pi Network,Reddit,Pi Coin Price Drops $1 Peg Upon PI Network Centralization Fears
Pi Network,Reddit,Why You Should Think Twice Before Selling Your Pi Coins
Pi Network,Reddit,Applying Elliott Wave Analysis to Pi Network: A Swing Trader's Perspective
Pi Network,Reddit,Help?
Pi Network,DuckDuckGo,PiNetworkis a blockchain project that allows you to mine cryptocurrency on your phone without draining your battery. You can join thenetworkwith an invitation from an existing member and usePito build the Web3 app ecosystem.
Pi Network,DuckDuckGo,"PiNetworkwas founded by Dr. Nicolas Kokkalis and Dr. Chengdiao Fan, both of whom have PhDs from Stanford University and a passion for improving human lives through technology. Dr. Nicolas Kokkalis is a Stanford PhD in EE and postdoc in CS with research on distributed systems and human-computer interaction."
Pi Network,DuckDuckGo,"PiUSD Price Today - discover how much 1PIis worth in USD with converter, price chart, market cap, trade volume, historical data and more. ... ThePiprice page is just one inCrypto.com Price Index that features price history, price ticker, market cap, and live charts for the top cryptocurrencies.PIPrice Statistics.PiPrice."
Pi Network,DuckDuckGo,"Track the latestPiNetworkprice, market cap, trading volume, news and more with CoinGecko's livePIprice chart and popular cryptocurrency price tracker. ... Learn more about howcryptoprices are calculated on CoinGecko. 0.0 5 7169 BTC 3.8%. $0.5940 24h Range $0.6236. Add to Portfolio â€¢ 137,804 addedPiNetworkPrice Chart (PI) 24h 7d 1m ..."
Pi Network,DuckDuckGo,"PiNetworkis a social cryptocurrency that can be mined and transacted using a mobile app. Learn about its price, supply, news, and related stories on Forbes."
Pi Network,DuckDuckGo,"The uncertainty surrounding the market adds to the vulnerability ofPiNetwork.PINetworkBollinger Bands. Source: TradingViewPIPrice Is Facing A Decline.PiNetwork'sprice is currently at $0.613, but it is still stuck below the $0.617 resistance level. After the 18% drop in the last two days, the altcoin remains under pressure."
Pi Network,DuckDuckGo,"After identifying key barriers toCryptoaccessibility and adoption, thePiFounders set out to build the next generation of web integrated with blockchain.PiNetworkâ€”officially launched on March 14, 2019 (PiDay), with growing community participation ever sinceâ€”is their solution. Today, the 35+ full-time Core Team members around the world ..."
Pi Network,DuckDuckGo,"PiNetworkis a blockchain project that lets users mine cryptocurrency through a mobile app. Started in 2019 by Stanford graduates, the project aims to makecryptoaccessible to everyday people ..."
Pi Network,DuckDuckGo,"PiNetworkclaims to enable users to mine cryptocurrency using only their mobile phones. Learn about its origins, development phases, native coin, and the challenges and concerns it faces."
Pi Network,DuckDuckGo,"PiNetworkis a cryptocurrency that introduces a novel approach tocryptomining. While for many years, the legitimacy of thePiNetworkhas been under question, in 2025 the mainnet is set to finally launch. Learn aboutPiNetwork,Picoin, and how to mine it in this ultimate guide."
Fartcoin,Reddit,"If your coin has a CEO, your money and you are going to have a BAD time."
Fartcoin,Reddit,Luckily we have people like this in the community ðŸ¥°
Fartcoin,Reddit,Over $270 Million in Crypto got liquidated in the past 24h
Fartcoin,Reddit,The memecoin trenches
Fartcoin,Reddit,What cryptocurrencies have the biggest cults?
Fartcoin,Reddit,Cant the memecoins bubble be consider as alt season?
Fartcoin,Reddit,Methods for Finding Good New Release Coins
Fartcoin,Reddit,"New to crypto, why should we be scared when an altcoin price is going down ?"
Fartcoin,Reddit,More information on crypto
Fartcoin,Reddit,"I enjoy gambling at the crypto casino, but it's all so incredibly dumb to me and shouldn't be taken too seriously. "
Fartcoin,Reddit,some rumors that the creator of 'fartcoin' is...
Fartcoin,Reddit,Fartcoin is the worldâ€™s only Proof-of-Stink cryptocurrency. The nastier the fart the stronger Fartcoin becomes ðŸ’¨
Fartcoin,Reddit,Public Service Announcement: Below 1$ Fartcoin is the Fartcoin Accumulation Phase (FAP) of a lifetime ðŸ’¨
Fartcoin,Reddit,safe haven asset
Fartcoin,Reddit,Fartcoin Eth
Fartcoin,DuckDuckGo,"FARTCOINtokens can be traded on centralizedcryptoexchanges. The most popular exchange to buy and tradeFartcoinis KuCoin, where the most active trading pairFARTCOIN/USDT has a trading volume of $22,803,026.38 in the last 24 hours. Other popular options include Gate.io and Bitget. What is the daily trading volume ofFartcoin(FARTCOIN)?"
Fartcoin,DuckDuckGo,"TheFartcoinprice page is just one inCrypto.com Price Index that features price history, price ticker, market cap, and live charts for the top cryptocurrencies.FARTCOINPrice Statistics.FartcoinPrice. $0.8719. 24h high / 24h low. N/A. 7d high / 7d low. N/A. 30d high / 30d low. N/A. 90d high / 90d low. N/A."
Fartcoin,DuckDuckGo,"ConvertFartcoin(FARTCOIN) to US Dollar (USD). Coins: 17,041. Exchanges: 1,299. Market Cap: $2.735T 3.7%. 24h Vol: $83.978B ...Fartcoin(FARTCOIN) can be bought and sold across 52cryptoexchanges. Based on trading volume and Trust Score, the most active exchange to tradeFartcoinis Kraken, ..."
Fartcoin,DuckDuckGo,"FartcoinPrice Today.Fartcoin'scurrent price is $ 0.889, it has dropped-1.07 % over the past 24 hours..Fartcoin'sAll Time High (ATH) of $ 2.55 was reached on 19 Jan 2025, and is currently -65.1 % down.. The current circulating supply ofFartcoinis 1.00 Billion tokens, and the maximum supply ofFartcoinis 1.00 Billion..Fartcoin's24 hour trading volume is $ 163.71 Million."
Fartcoin,DuckDuckGo,"The price ofFartcoinchanged by +5.87% in the past day, and its USD value has increased by +56.69% over the last week. With a circulating supply of 999,998,256FARTCOIN, the market cap ofFartcoinis currently 928.54M USD, marking a --% increase today.Fartcoincurrently ranks #49 in market cap."
Fartcoin,DuckDuckGo,"The live price ofFartcoinis $0.938909 per (FARTCOIN/ USD) with a current market cap of $938.91M USD. 24-hour trading volume is $395.53M USD.FARTCOINto USD price is updated in real-time.Fartcoinis +8.98% in the last 24 hours with a circulating supply of 1,000.00M."
Fartcoin,DuckDuckGo,"fartcoin.gold Explorers Bscscan. Arkham Binplorer Community Twitter Telegram Search on Twitter API IDfart-coinChains BNB Chain Ecosystem ... Cathie Wood'sCryptoShuffle: Pours $5.2 Million Into Newly Listed Solana Staking Fund, Dumps Bitcoin ETF And Buys Robinhood Dip Benzinga about 1 hour ago"
Fartcoin,DuckDuckGo,"Fartcoin'sprice has also risen by 59.12% in the past week. The current price is $0.86 perFARTCOINwith a 24-hour trading volume of $429.63M. Currently,Fartcoinis valued at 66.03% below its all time high of $2.52. This all-time high was the highest price paid forFartcoinsince its launch."
Fartcoin,DuckDuckGo,"Fartcoinprice today The current price ofFartcoin(FARTCOIN) is $0.950813, as of Apr 16, 2025. Over the last 24 hours, the price has moved by 13.06%, with a change of 4.24% in the past hour. For longer-term performance, the price has varied by 26.04% over the last 7 days and by 175.85% in the past month. Market update"
Solana,Reddit,Real Estate Fintech Janover Doubles Solana Holdings with $10.5M Acquisition
Solana,Reddit,Beyond the Meme Coin Frenzy: Whatâ€™s Next for Solana After the Hype?
Solana,Reddit,Is ETH 10k still on the menu boys or we going 10 cents?
Solana,Reddit,Solanaâ€™s data storage problem - a Gray Rhino or a Black Swan?
Solana,Reddit,XRP and SOL stand out as two of the most popular assets for ETF applications and are also among the most liquid! ðŸ‘€ðŸŒ ðŸ’¸
Solana,Reddit,"XRP, SOL, ADA Price Prediction: Ripple, Cardano, Solana Bulls Eye Recovery in Short Term"
Solana,Reddit,Trump Said â€œDefault the Debtâ€ and the Market Said â€œBetâ€
Solana,Reddit,Best Meme Coin On The Market?
Solana,Reddit,Demand for altcoin settlements is rising in niche financial ecosystems
Solana,Reddit,"Complete Amateur Seeking Crypto Investment Advice â€“ Help Me Optimize My Plan -- Investing in AVAX,SOL,MATIC,LINK"
Solana,Reddit,What do you think would be killer app for Sol?
Solana,Reddit,"Solana did a great job today, both in on-chain and price! ðŸ”¥ðŸš€"
Solana,Reddit,Is any bullish on Jupiter's $JUP ?
Solana,Reddit,"Timewave are solving interchain development with ZK, Solana support is planned!"
Solana,Reddit,"> Be me, Solana Blockchain"
Solana,DuckDuckGo,"The liveSolanaprice today is $125.99 USD with a 24-hour trading volume of $3,298,243,722.64 USD. We update our SOL to USD price in real-time. ... the network has been plagued by repeated outages that have impaired its price and aspirations to be the ""Visa ofcrypto."" Furthermore, its ecosystem is accused of favoring venture capital investors ..."
Solana,DuckDuckGo,"SolanaPay is built for immediate USDC transactions, fees that are fractions of a penny, and a net-zero environmental impact. Learn more about Payments onSolana. Join a thriving community. It's time to join the thousands of creators, artists, and developers usingSolana. Start Building."
Solana,DuckDuckGo,"Solanais a cryptocurrency and blockchain platform that uses proof of history and delegated proof of stake to achieve high speed and low cost transactions. Learn howSolanaworks, its advantages and disadvantages, and how it compares to Ethereum."
Solana,DuckDuckGo,"Solanais a fast and low-cost blockchain that supports smart contracts and dApps. Learn about its price, market cap, news, tokenomics, and how it uses Proof-of-History and Proof-of-Stake consensus."
Solana,DuckDuckGo,"Learn aboutSolana, a scalable blockchain for modern internet applications, and its native cryptocurrency SOL. SeeSolana'sprice, market cap, volume, and historical data onCrypto.com."
Solana,DuckDuckGo,"Get the latest price, news, live charts, and market trends aboutSolana, a high-performance blockchain platform for decentralized apps and smart contracts. The current price ofSolanain United States is $114.66 per (SOL / USD)."
Solana,DuckDuckGo,"Solana'scheap, lightning-fast transactions and highly composable DeFi infrastructure make it one of the most preferred blockchains for launching meme coins. So when newly elected Donald Trump launched his TRUMP meme coin on the network in January, it came as no surprise to many.. Following TRUMP's launch on January 17, demand forSolanaskyrocketed, driven on the one hand by developers ..."
Solana,DuckDuckGo,"ExploreSolanaâ€” a high-performance, censorship-resistant blockchain built for speed, scalability, and cost-efficiency. Learn how it compares to Ethereum, powers dApps, and reshapes thecrypto..."
Solana,DuckDuckGo,"AboutSolanaSolana(SOL) is a digital asset with a market capitalization of $67.93B.Solanais ranked as number 6 in the global cryptocurrency rating with a 24-hour trading volume of $4.90B. Currently, it is priced at $131.64. In the recent 24 hours, the price has changed by 9.38%. There are 598,431,694.67 coins in circulation."
Solana,DuckDuckGo,"Solanais a blockchain platform that hosts decentralized applications and uses proof-of-history and proof-of-stake to process transactions quickly and cheaply. Learn about its history, technology, features, and comparison with Ethereum."
sUSD,Reddit,"Moons Appreciation & Giveaway Thread  | Refer a friend to Kraken, both get $50 USD!"
sUSD,Reddit,Athlete Career Tokenization: The Future of RWA Blockchain and DAO
sUSD,Reddit,This Is Actually Wild To See - Bitcoin (BTC) Is Decoupling In Real-Time For The First Time Ever!
sUSD,Reddit,"Japan's MicroStrategy? Metaplanet Buys 160 More BTC, Now Holds $360M in Bitcoin"
sUSD,Reddit,Ethereum (ETH) Is Back In The Zone That Built Millionaires In 2017 And 2020! Are You Ready For What Comes Next?
sUSD,Reddit,Dex liquidity
sUSD,Reddit,Trade War 2.0 Just Dropped â€” Are We About to See a Crypto Shakeup?
sUSD,Reddit,Can Solana (SOL) Decouple from Bitcoinâ€™s Dominance? A Look at the Data
sUSD,Reddit,BTC Monthly Price Prediction #1:  Marchâ€™2025
sUSD,Reddit,Chainlink Co-Founder's Hidden Crypto Masterpiece â€“ Why No Oneâ€™s Talking About Ergo; A Regard's DD
sUSD,DuckDuckGo,"The livesUSDprice today is $0.8682 USD with a 24-hour trading volume of $116,043.76 USD. We update ourSUSDto USD price in real-time."
sUSD,DuckDuckGo,"The price ofsUSD(SUSD) is calculated in real-time by aggregating the latest data across 4 exchanges and 13 markets, using a global volume-weighted average formula. Learn more about howcryptoprices are calculated on CoinGecko."
sUSD,DuckDuckGo,The all-time high ofsUSD(SUSD) is $2.356036. Explore user price targets and project confidence levels for various coins - known as a Consensus Rating - on ourcryptoprice prediction pages.
sUSD,DuckDuckGo,"CalculatesUSD'sprice in US Dollar by inputting your desired amount on CoinGecko'sSUSDto USD converter. Track its historical price movements on theSUSDto USD chart, and explore morecryptoprices in USD."
sUSD,DuckDuckGo,"sUSDUSD Price Today - discover how much 1SUSDis worth in USD with converter, price chart, market cap, trade volume, historical data and more."
sUSD,DuckDuckGo,"Get the latest price, news, live charts, and market trends aboutsUSD. The current price ofsUSDin United States is $0.79 per (SUSD/ USD)"
sUSD,DuckDuckGo,"Synthetix'ssUSDdrops below $0.80 following protocol changes, sparking concerns about its stability and the future of synthetic assets in DeFi."
sUSD,DuckDuckGo,"The live Solayer USD price today is $1.10 USD with a 24-hour trading volume of $96,488.61 USD. We update ourSUSDto USD price in real-time."
sUSD,DuckDuckGo,"Synthetix'ssUSDloses its peg, falling to $0.83. Experts warn of risks, but a $30M treasury could prevent a full collapse."
sUSD,DuckDuckGo,"Solayer USD is a global digital currency exchange offering cryptocurrency trading, advanced tools, and staking options for beginners and experts alike. Read more about this exchange on Forbes."
Ethereum,Reddit,"Panama's largest city will allow its citizens to pay for taxes, tickets, fees and permits in  Ethereum, Bitcoin and Stablecoins"
Ethereum,Reddit,"Ethereum Whales Offload 143,000 ETH In One Week â€“ More Selling Ahead?"
Ethereum,Reddit,Ethereum is becoming the global settlement layer for on-chain assets says Alec Beckman
Ethereum,Reddit,Ethereum gas drops to near-zero as demand vanishes
Ethereum,Reddit,Ethereum Gaming Project CyberKongz Says SEC Has Ended Investigation
Ethereum,Reddit,Visaâ€™s Stablecoin Revolution: How Crypto Is Entering Everyday Payments
Ethereum,Reddit,Bitcoin and Ethereum or only Bitcoin?
Ethereum,Reddit,Could Jasmy coin reaches $30 and become the future new Cryptocurrencies price engine !! ??
Ethereum,Reddit,Why is ETH doing so bad
Ethereum,Reddit,How long does a metamask deposit transfer take
Ethereum,Reddit,"Daily General Discussion - April 18, 2025"
Ethereum,Reddit,New ZK startup solving interchain challenges!
Ethereum,Reddit,Solidity Without Ethereumâ€™s Fees or Slowdowns
Ethereum,Reddit,Verifiable Processing Units (VPUs) for ZK Proving Acceleration
Ethereum,Reddit,âœ¨ 24H in Ethereum Core Dev | April 17 âœ¨
Ethereum,DuckDuckGo,"Ethereumhas a total of eight co-founders â€” an unusually large number for acryptoproject. They first met on June 7, 2014, in Zug, Switzerland. Russian-Canadian Vitalik Buterin is perhaps the best known of the bunch. He authored the original white paper that first describedEthereumin 2013 and still works on improving the platform to this day."
Ethereum,DuckDuckGo,"The price ofEthereum(ETH) is $1,564.97 today as of Apr 16, 2025, 4:05 am EDT, with a 24-hour trading volume of $7.69B. ... LatestCryptoNews. AboutEthereum."
Ethereum,DuckDuckGo,"CoinGecko provides live data onEthereum(ETH), the second-largest cryptocurrency by market cap and the leading smart contract platform. Learn aboutEthereum'shistory, features, tokenomics, and latest news."
Ethereum,DuckDuckGo,"Learn aboutEthereum, the leading platform for innovative apps and blockchain networks. Explore how to create accounts, manage assets, get ETH, choose a network, and use apps withcryptowithout volatility."
Ethereum,DuckDuckGo,"Learn what ether (ETH) is, how it works, and why it's valuable. ETH is the cryptocurrency ofEthereum, a programmable blockchain that supports decentralized applications and financial systems."
Ethereum,DuckDuckGo,"Ethereumuses Ether (ETH) as its native currency, powering transactions and smart contracts.Ethereum'sCore Utility and Ecosystem.Ethereum'sutility lies in its ability to support smart contracts, allowing developers to build decentralized applications (DApps) across industries like finance, gaming, and supply chain."
Ethereum,DuckDuckGo,"AboutEthereum.Ethereumis a decentralized computing platform that uses ETH (also called Ether) to pay transaction fees (or ""gas""). Developers can useEthereumto run decentralized applications (dApps) and issue newcryptoassets, known asEthereumtokens."
Ethereum,DuckDuckGo,"Ethereumsmart contracts support a variety of distributed apps across the blockchain ecosystem. Cryptocurrency; ... ""Burning"" is the term for sendingcryptoto a wallet without private keys ..."
Ethereum,DuckDuckGo,"Ethereumis a blockchain that enables thousands of apps and projects to run without intermediaries or censorship. Learn howEthereumworks, what it can do, and why it matters for the digital future."
Ethereum,DuckDuckGo,"Ethereumis a platform that allows decentralized applications and smart contracts to run on a blockchain. It is the second-largest cryptocurrency by market capitalization and has a native token called ether. Learn about its history, features, and challenges."
Official Trump,Reddit,Binance Seeks to Curb U.S. Oversight While in Deal Talks With World Liberty Financial
Official Trump,Reddit,"The Controversial ""DeFi Broker Rule"" has been KILLED"
Official Trump,Reddit,World Food Program USA Accepts Bitcoin and Dogecoin Donations After Funding Cuts - Decrypt
Official Trump,Reddit,Happy Liberation Day!!!
Official Trump,Reddit,The Polymarket Mineral Deal Controversy: A Tale of Negligence and Manipulation
Official Trump,Reddit,"Been here since 2016. Crypto subreddit are ""dead"" compared to 4/5 years ago. Social media only has ""finfluencers"" screaming BULLRUN left with 95% of the interaction being bots. Altcoins have failed and Bitcoin is absorbed into the traditional system. Long term holders have won, the rest has lost"
Official Trump,Reddit,Crypto summit attendees - will we hear anything about crypto taxes?
Official Trump,Reddit,How do people manage to discover the new coins launched by celebrities before the first social media posts? Or are they all insiders?
Official Trump,Reddit,XRP ETF Looks Like A Reality
Official Trump,Reddit,Was the Official Trump and Melania Meme coin all intentionally placed before the Oath taking ceremony?
Official Trump,DuckDuckGo,"The liveOFFICIALTRUMPprice today is $8.35 USD with a 24-hour trading volume of $461,647,708 USD. We update ourTRUMPto USD price in real-time.OFFICIALTRUMPis down 4.15% in the last 24 hours. The current CoinMarketCap ranking is #47, with a live market cap of $1,670,077,126 USD."
Official Trump,DuckDuckGo,"OFFICIALTRUMP'sprice today is US$7.89, with a 24-hour trading volume of $331.84 M.TRUMPis +0.00% in the last 24 hours.TRUMPhas a circulating supply of 200 MTRUMPand a max supply of 1,000 MTRUMP."
Official Trump,DuckDuckGo,"Where can you buyOfficialTrump?TRUMPtokens can be traded on centralizedcryptoexchanges. The most popular exchange to buy and tradeOfficialTrumpis Gate.io, where the most active trading pairTRUMP/USDT has a trading volume of $26,443,710.82 in the last 24 hours. Other popular options include OKX and Binance.. What is the daily trading volume ofOfficialTrump(TRUMP)?"
Official Trump,DuckDuckGo,"Currently,OFFICIALTRUMPis valued at 89.41% below its all time high of $74.27. This all-time high was the highest price paid forOFFICIALTRUMPsince its launch. The current circulating supply ofOFFICIALTRUMPis 199,999,420.97TRUMPwhich means thatOFFICIALTRUMPhas as total market cap of $1,568,678,512.65."
Official Trump,DuckDuckGo,"TRUMPUSD | A completeOfficialTrumpUSD cryptocurrency overview by MarketWatch. View the latest cryptocurrency news,cryptoprices and market data."
Official Trump,DuckDuckGo,"BuyOFFICIALTRUMP-TRUMPwith $1. Invest inTRUMPcryptocurrency with Robinhood in the easiest and fastest way. You can invest inOFFICIALTRUMP(TRUMP) and 20+ othercryptoon Robinhood with real-time quotes, market data, and relevant news."
Official Trump,DuckDuckGo,"View the liveOFFICIALTRUMPprice, market capitalization value, real-time charts, trades and volumes. Create notifications and alerts. ...Trumpfamilycryptoportfolio nears $1B- report ..."
Official Trump,DuckDuckGo,"TheOfficialTrump(TRUMP) token is a meme coin associated with the President of the United States, DonaldTrump. It is launched on the Solana blockchain, with a total of one billion coins, 800 million of which are owned byTrump-owned corporations, while 200 million are in circulation."
Official Trump,DuckDuckGo,"The all-time high forOfficialTrumpwas $73.43 on Jan 19, 2025, while the all-time low was $4.29 on Jan 18, 2025. Market ranking and capitalizationOfficialTrumpholds a market rank of #62, with a market capitalization of $1,577,942,260. Its fully diluted valuation stands at $7,889,712,222. Supply overview"
Official Trump,DuckDuckGo,"OfficialTrumpprice today is $ 7.99 with a 24-hour trading volume of $ 580.82M, market cap of $ 1.60B, and market dominance of 0.06%.TheTRUMPprice decreased -0.50% in the last 24 hours..OfficialTrumpreached its highest price on Jan 19, 2025 when it was trading at its all-time high of $ 76.98, whileOfficialTrump'slowest price was recorded on Jan 18, 2025 when it was trading at its all ..."
NEAR Protocol,Reddit,I officially submitted Full Binance violations and case files to the Dubai crypto regulator(VARA).
NEAR Protocol,Reddit,Aave Integrates Chainlink SVR to Recapture Liquidation MEV and Increase Protocol Revenue
NEAR Protocol,Reddit,ETH vs SOL Tokenization: By the Numbers
NEAR Protocol,Reddit,Is there a stablecoin that does not require a fee when transferred?
NEAR Protocol,Reddit,Here are 5 of the top 40 Cryptos that have made a brand new yearly low against BTC in the last week.
NEAR Protocol,Reddit,Random Crypto Fact
NEAR Protocol,Reddit,Do you know what benefit Ocean Protocol gets from partnering with NetMind?
NEAR Protocol,Reddit,Current Crypto Portfolio
NEAR Protocol,Reddit,"CHATGPT thoughts on ADA, HBAR, ALGO and NEAR"
NEAR Protocol,Reddit,Opinions on Near Protocol
NEAR Protocol,DuckDuckGo,"NEARProtocolwas founded by Erik Trautman, an entrepreneur with experience on Wall Street and founder of Viking Education. His co-founders were Illia Polosukhin, who has more than ten years of industry experience, including three years at Google, and Alexander Skidanov, a computer scientist that worked at Microsoft and went on to join memSQL, where he became the director of engineering."
NEAR Protocol,DuckDuckGo,"NEARis a scalable, AI-native, and cross-chain blockchain platform that enables developers to create and deploy decentralized applications. Learn how to build withNEAR, explore its features and resources, and join its global community."
NEAR Protocol,DuckDuckGo,"NEARProtocolintroduces a user-friendly experience with human-readable account names, removing the complexity of traditional cryptographic wallet addresses. Theprotocol'sconsensus mechanism , known as ""Doomslug,"" is designed to enhance security and efficiency while supporting interoperability with other blockchains."
NEAR Protocol,DuckDuckGo,TheNEARtoken is the native cryptocurrency of theNEARProtocoland serves multiple purposes: Transaction Fees: The token is used to pay for transactions and data storage on the network. Staking ...
NEAR Protocol,DuckDuckGo,"NEARProtocol(NEAR) is a blockchain network designed to facilitate the launch and operation of decentralized applications (DApps). TheNEARProtocolecosystem focuses on providing highly scalable functionality by integrating sharding, a Layer 2 scaling solution that divides network load into separate, individually processed sections to minimize stress on the main chain."
NEAR Protocol,DuckDuckGo,"Where can you buyNEARProtocol?NEARtokens can be traded on centralizedcryptoexchanges. The most popular exchange to buy and tradeNEARProtocolis HTX, where the most active trading pairNEAR/USDT has a trading volume of $15,196,010.88 in the last 24 hours. Other popular options include KuCoin and Binance.. What is the daily trading volume ofNEARProtocol(NEAR)?"
NEAR Protocol,DuckDuckGo,"NEARProtocolis created by theNEARCollective as a community-run cloud computing platform that can achieve up to 100,000 transactions per second. It also features human-readable addresses and a more straightforward onboarding process for DApp (decentralised application) developers. ... TheNEARProtocolprice page is just one inCrypto.com ..."
NEAR Protocol,DuckDuckGo,"The liveNEARProtocolprice today is $2.08 as of 4/15/2025, with a 24-hour trading volume of $139,738,806.NEARProtocol'sprice is down -4.02% in the last 24 hours. Currently,NEARProtocolranks 41 out of 48657 coins according to CryptoMarketCap."
NEAR Protocol,DuckDuckGo,"Outside thecryptosphere, an important comparison is Visa's (V) capacity. The global payments giant processes around 7,000-8,000 TPS, based on its claim of 232.5 billion transactions over a 12 ..."
NEAR Protocol,DuckDuckGo,"NEARis a blockchain platform that aims to bring users and developers to Web3. It offers fast, cheap, and secure transactions, smart contracts, account abstraction, and eco-friendly design."
Sonic (prev. FTM),DuckDuckGo,"The liveSonic(prev.FTM)price today is $0.468622 USD with a 24-hour trading volume of $111,744,084 USD.. We update our S to USD price in real-time.Sonic(prev.FTM)is down 7.20% in the last 24 hours. The current CoinMarketCap ranking is #52, with a live market cap of $1,349,632,727 USD."
Sonic (prev. FTM),DuckDuckGo,"View liveSonic(prev.FTM)price chart and follow real-timeSonic(prev.FTM)price changes. ... Find aCryptoBroker. Indices. Commodities. Bonds. Stocks. US 30 . 40,544.30 +331.6 +0.82%. US 500 ..."
Sonic (prev. FTM),DuckDuckGo,"Where can you buySonic(prev.FTM)? S tokens can be traded on centralizedcryptoexchanges. The most popular exchange to buy and tradeSonic(prev.FTM)is Binance, where the most active trading pair S/USDT has a trading volume of $34,796,435.61 in the last 24 hours. Other popular options include Bybit and OKX.. What is the daily trading volume ofSonic(prev.FTM)(S)?"
Sonic (prev. FTM),DuckDuckGo,"Live price ofSonic(prev.FTM)is $0.473125 with a market cap of $1.36B USD. Discover current price, trading volume, chart history, and more. BuyCrypto. Markets. Trade. Basic. ... Use yourcryptofor purchases, sendcryptoanywhere globally. Send. Store. A self-custody wallet to swap tokens, grow your portfolio. Explore."
Sonic (prev. FTM),DuckDuckGo,"Sonic(prev.FTM)is a form of digital cryptocurrency, also referred to as S Coin. Use this page to follow theSonic(prev.FTM)price live, cryptocurrency news,Sonic(prev.FTM)market cap and ..."
Sonic (prev. FTM),DuckDuckGo,"Sonic(prev.FTM)price analysis for today (April 13, 2025) The current price ofSonic(prev.FTM)(S) is $0.5008, price is down by -5.95% in the last 24 hours. S is currently available on 22 exchanges and in past 24 hours, 146,241,159 S coins have been exchanged, which equals $73,231,419 in a trading volume. Today,Sonic(prev.FTM)(S) opened at $0.5264."
Sonic (prev. FTM),DuckDuckGo,"Sonicstands out as the leading EVM Layer 1 blockchain, merging exceptional speed, attractive incentives, and top-tier infrastructure to drive the evolution of decentralized finance (DeFi) applications. The platform boasts a remarkable capacity of 10,000 transactions per second (TPS) and achieves finality in under a second. Through its Fee Monetization (FeeM) initiative,Sonicrewards ..."
Sonic (prev. FTM),DuckDuckGo,"Sonic(prev.FTM)is a global digital currency exchange offering cryptocurrency trading, advanced tools, and staking options for beginners and experts alike. Read more about this exchange on Forbes."
Sonic (prev. FTM),DuckDuckGo,"The volume were at $180,459,630.35 USDSonic(prev.FTM)ranks no 56 in the market capitalization ofSonic(prev.FTM)is at $1,155,466,803.64 and its volume for 24 hours is $180,459,630.35.Sonic(prev.FTM)are under circulation, with total supply of 3.17B and the Maximum supply of 0."
Sonic (prev. FTM),DuckDuckGo,"Sonic(prev.FTM)is a type of digitalcryptocurrency, utilizing peer-to-peer transactions, mining and other technological feats into a modern day asset. Use this page to follow news and updates regardingSonic(prev.FTM), create alerts, follow analysis and opinion and get real time market data."
LayerZero,Reddit,ETH vs SOL Tokenization: By the Numbers
LayerZero,Reddit,What do you think about UTXO Stack? (BTC Liquidity Staking Protocol + Stablecoin on Lightning Network)
LayerZero,Reddit,"Glueâ€™s official launch! AMA with Glue on Jan 7th, 12 PM EST - 5 PM UTC."
LayerZero,Reddit,Cryptocurrency for visual thinkers (shadow of yggdrasil) 
LayerZero,Reddit,Why I am bullish on ETH 2025 analysis!
LayerZero,Reddit,Random Crypto Fact
LayerZero,Reddit,Instant Crypto Payments â€“ Are You Interested?
LayerZero,Reddit,What do you think about UTXO Stack? (BTC Liquidity Staking Protocol + Stablecoin on Lightning Network)
LayerZero,Reddit,"Movement is a Move-based blockchain network that seeks to improve the security, speed and efficiency of Ethereum"
LayerZero,Reddit,Some exciting news about Mina Protocol
LayerZero,Reddit,LayerZero Corporate Video
LayerZero,Reddit,Itâ€™s Official: April 4 Is LayerZero Day
LayerZero,Reddit,LayerZero: The Foundation Layer
LayerZero,Reddit,LayerZero Careers: Digital Marketer
LayerZero,Reddit,LayerZero Careers:  Content Marketing Specialist at LayerZero Power Systems
LayerZero,DuckDuckGo,"LayerZerois a protocol that enables data and value transfer across blockchains, supporting censorship-resistant, immutable and permissionless development. Learn how to build omnichain applications withLayerZero, explore its supported blockchains and ecosystem partners."
LayerZero,DuckDuckGo,"LayerZeroLabs, the company behindLayerZeroprotocol, was co-founded by Bryan Pellegrino, Ryan Zarick, and Caleb Banister in 2021.LayerZerohas also attracted some of the most prominent investors in thecryptospace, such as a16z, Sequoia, Paypal Ventures, Polygon, Coinbase Ventures, Binance Labs, DeFiance Capital, Spartan Group, Sino Global Capital, Multicoin Capital and more."
LayerZero,DuckDuckGo,"A16z invests $55M inLayerZero'sZRO with a three-year lockup, signaling confidence ascryptomarkets face volatility and trade pressure. BTC $84,645.31 0.37%. ... The move signals renewed institutional confidence inLayerZero, even ascryptomarkets remain sensitive to broader macroeconomic instability and the growing impact of global trade ..."
LayerZero,DuckDuckGo,"By design,LayerZero'stechnologies, create a literal zero layer. An ecosystem capable of interacting with any other network, sharing resources, and running freely without platform restrictions - an omnichain.LayerZerocould pioneer the advent of 'non-native'cryptoassets."
LayerZero,DuckDuckGo,"What is the price trend ofLayerZeroin USD? Over the last month, the price ofLayerZero(ZRO) has gone up by 7.60% against the US Dollar (USD). In fact,LayerZerohas outperformed against the broadercryptomarket, which is down by -4.50%."
LayerZero,DuckDuckGo,LayerZero'stoken (ZRO) surged after Andreessen Horowitz's (a16z)cryptoarm acquired additional $55 million of tokens. The investment includes a 3-year lock-up period and follows previous funding ...
LayerZero,DuckDuckGo,"LayerZerois a web3 messaging protocol that connects different blockchains to enable seamless cross-chain communication. It does not have its owncrypto. Some ofLayerZero'scompetitors, such as Polkadot, do employ nativecryptos(in this example, DOT)."
LayerZero,DuckDuckGo,"Where can you buyLayerZero? ZRO tokens can be traded on centralizedcryptoexchanges. The most popular exchange to buy and tradeLayerZerois MEXC, where the most active trading pair ZRO/USDT has a trading volume of $4,808,438.47 in the last 24 hours. Other popular options include Gate.io and Binance.. What is the daily trading volume ofLayerZero(ZRO)?"
LayerZero,DuckDuckGo,LayerZero'ssuccess is mainly due to the developers who build flagshipcryptoapplications and users who actively interact with the protocol. These early members have made immense contributions and are perfectly suited to be stewards ofLayerZero'sfuture.
LayerZero,DuckDuckGo,"How to BuyLayerZero. Opening a position inLayerZero(ZRO) is easy using theCrypto.com App, which offers over 250 cryptocurrencies, from meme coins like Dogecoin and Shiba Inu to Bitcoin, Ethereum, Solana, and Ripple. Fund an account with one of over 20 fiat currencies like USD, GBP, and EUR. Just follow these simple steps:"
Peanut the Squirrel,Reddit,Binance accused of IP theft over PNUT token by Peanut the Squirrel owner
Peanut the Squirrel,Reddit,Peanut the Squirrelâ€™s Owner Sues Binance Over IP Rights
Peanut the Squirrel,Reddit,Price predictions for your favorite crypto?
Peanut the Squirrel,Reddit,These Are All The Possible Words In Your Seed Phrase.
Peanut the Squirrel,Reddit,Peanut The Squirrel (PNUT) Jumps 269% After Musk Gives Hints
Peanut the Squirrel,DuckDuckGo,"ThelivePeanuttheSquirrelprice today is $0.124581 USD with a 24-hour trading volume of $73,171,910 USD.. We update our PNUT to USD price in real-time.PeanuttheSquirrelis down 3.68% in the last 24 hours. The current CoinMarketCap ranking is #271, with a live market cap of $124,562,464 USD."
Peanut the Squirrel,DuckDuckGo,"Where can you buyPeanuttheSquirrel? PNUT tokens can be traded on centralizedcryptoexchanges. The most popular exchange to buy and tradePeanuttheSquirrelis Binance, where the most active trading pair PNUT/USDT has a trading volume of $23,717,399.67 in the last 24 hours. Other popular options include MEXC and HTX.. What is the daily trading volume ofPeanuttheSquirrel(PNUT)?"
Peanut the Squirrel,DuckDuckGo,"PeanutTheSquirrel(NUTS) is a meme-based cryptocurrency that draws inspiration from internet culture and viral content. Operating as an ERC-20 token on the Ethereum blockchain,PeanutTheSquirrelaims to build a playful and engaging community while exploring the broader potential of decentralized finance (DeFi). Like other meme tokens, it emphasizes community-driven growth and participation ..."
Peanut the Squirrel,DuckDuckGo,"PeanuttheSquirrel(PNUT) is a memecoin launched on the Solana blockchain as a tribute to a beloved petsquirrelnamedPeanut, who gained internet fame through heartwarming posts by his caretaker, Mark Longo. ... This surge in attention helped PNUT rapidly gain traction in thecryptocommunity. Within days, the token's value skyrocketed ..."
Peanut the Squirrel,DuckDuckGo,"PeanuttheSquirrel'sprice today is US$0.1353, with a 24-hour trading volume of $90.7 M. PNUT is +0.00% in the last 24 hours. PNUT has a circulating supply of 999.85 M PNUT."
Peanut the Squirrel,DuckDuckGo,"PeanuttheSquirrelprice today The current price ofPeanuttheSquirrel(PNUT) is $0.124329, as of Apr 17, 2025. Over the last 24 hours, the price has moved by -0.87%, with a change of 0.03% in the past hour. For longer-term performance, the price has varied by -10.89% over the last 7 days and by -28.4% in the past month. Market update"
Peanut the Squirrel,DuckDuckGo,"PeanuttheSquirrelPrice Today.PeanuttheSquirrel'scurrent price is $ 0.124, it has dropped-3.49 % over the past 24 hours..PeanuttheSquirrel'sAll Time High (ATH) of $ 2.43 was reached on 14 Nov 2024, and is currently -94.9 % down.. The current circulating supply ofPeanuttheSquirrelis 999.86 Million tokens, and the maximum supply ofPeanuttheSquirrelis 999.86 Million."
Peanut the Squirrel,DuckDuckGo,"PeanuttheSquirrelprice today is $ 0.124793 with a 24-hour trading volume of $ 135.74M, market cap of $ 124.77M, and market dominance of 0.00%.The PNUT price increased 0.58% in the last 24 hours..PeanuttheSquirrelreached its highest price on Nov 14, 2024 when it was trading at its all-time high of $ 2.43, whilePeanuttheSquirrel'slowest price was recorded on Nov 4, 2024 when it was ..."
Peanut the Squirrel,DuckDuckGo,"Theprice ofPeanuttheSquirrelchanged by +3.09% in the past day, and its USD value has decreased by -10.95% over the last week. With a circulating supply of 999,852,937 PNUT, the market cap ofPeanuttheSquirrelis currently 137.07M USD, marking a --% increase today.PeanuttheSquirrelcurrently ranks #169 in market cap."
Peanut the Squirrel,DuckDuckGo,"View up to date news & the price ofPeanuttheSquirrelworld (PNUT)cryptoon our price page and learn how you can buy, sell & trade PNUT on Gemini's trading platform."
Berachain,Reddit,"USDC Reaches $60 Billion Market Cap, Setting New Record"
Berachain,Reddit,"Berachain Rolls Out â€˜Proof of Liquidityâ€™ System - ""The Defiant"""
Berachain,Reddit,Big 2 of this cycle: Movement and Berachain
Berachain,Reddit,How the %&# did a guy in a bear costume raise $142 million?
Berachain,Reddit,Berachain goes live today
Berachain,Reddit,Who to Watch in the Next-Gen VM Race?
Berachain,Reddit,BERA REMINDS TO STAY IN LANE
Berachain,Reddit,Meanwhile in FLA
Berachain,Reddit,"Berachainâ€™s on a tearâ€”BERA just surged 42% from its yearly low,"
Berachain,Reddit,Monad Testnet Airdrop On Defidrops Confirmed! Win Up To 350$
Berachain,Reddit,Exciting news: BERA is listed on CoinRabbit for exchange and wallet services!
Berachain,DuckDuckGo,Berachainis an EVM-identical Layer 1 (L1) blockchain that uses the novel Proof of Liquidity (PoL) consensus mechanism to align liquidity and security at the network level.
Berachain,DuckDuckGo,"The liveBerachainprice today is $3.85 USD with a 24-hour trading volume of $66,715,253.17 USD. We update our BERA to USD price in real-time."
Berachain,DuckDuckGo,"The price ofBerachain(BERA) is calculated in real-time by aggregating the latest data across 56 exchanges and 74 markets, using a global volume-weighted average formula. Learn more about howcryptoprices are calculated on CoinGecko."
Berachain,DuckDuckGo,"Berachain(BERA) is a cryptocurrency that ranks #91 by market cap. Learn about its price, supply, history, and how to buy it onCrypto.com."
Berachain,DuckDuckGo,"Live price ofBerachainis $3.751437 with a market cap of $408.98M USD. Discover current price, trading volume, chart history, and more."
Berachain,DuckDuckGo,"Get the latestBerachainprice in USD, currently at 3.68, live chart, 24h stats, market cap, trading volume, and real-time updates."
Berachain,DuckDuckGo,"What is the price trend ofBerachainin USD? Over the last month, the price ofBerachain(BERA) has gone down by -34.90% against the US Dollar (USD). In fact,Berachainhas underperformed against the broadercryptomarket, which is down by -3.40%."
Berachain,DuckDuckGo,"Berachainis a high-performance, EVM-compatible blockchain that uses liquidity providers as validators to secure the network. Learn about its unique PoL mechanism, three-token economy, and growing ecosystem of DeFi, GameFi, and NFT projects."
Berachain,DuckDuckGo,"What IsBerachain(BERA)? A DeFi Chain With a Novel Consensus Mechanism DiscoverBerachain, an innovative Layer-1 blockchain using Proof of Liquidity (PoL) to optimise decentralised finance (DeFi) liquidity, scalability, and governance."
Berachain,DuckDuckGo,"Berachainmainnet launch plus airdropBerachainenters thecryptoscene as a next-generation L1 blockchain designed to push boundaries in speed, scalability, and innovation. It also supports decentralized finance (DeFi), gaming, and other Web3 applications."
Render,Reddit,Futuristic Vision for Technology for Freedom
Render,Reddit,Couldn't a fork solve the Satoshi problem?
Render,Reddit,Down 15%. How much can I expect if I hodl for the coming 6 months or so?
Render,Reddit,"I sold all of my ALTS at the TOP (December 4th, 2024). Began to DCA ALTs immediately. Here are the results (-40%/$-10000) / and observations I would like to share."
Render,Reddit,"The Deepseek Fearmongering is total BS.  Lean, open source LLMs are great for crypto."
Render,Reddit,Sleeping Giants
Render,Reddit,"One of that stupid recommendation posts, yes"
Render,Reddit,AI COINS: RENDER VS FET
Render,Reddit,Portfolio / DCA until 2030 / What do you think?
Render,Reddit,Judge / Comment on my degen bag
Render,Reddit,How to deploy a Rails 8 application
Render,Reddit,Self-host n8n on Render
Render,Reddit,"Hey everyone! In this video, I go over my step-by-step process when rendering a car in Unreal Engine 5! I'll put the tutorial link in the comments."
Render,Reddit,What can I improve?
Render,Reddit,"Playing around with the variant manager in unreal engine 5.2! Link to automotive rendering tutorial in the comments! In this video, I go over my step-by-step process when rendering a car in Unreal Engine 5!"
Render,DuckDuckGo,"The liveRenderprice today is $7.88 USD with a 24-hour trading volume of $954,098,203.44 USD. We update ourRENDERto USD price in real-time. Market Cap: $3.53T. 3.07%. 24h Vol: $262.3B. 26.75%. Cryptocurrencies. Cryptocurrencies. Ranking Categories Market Overview Historical SnapshotsCryptoETFs Token unlocks Yields. Leaderboards. Trending ..."
Render,DuckDuckGo,"RENDERtokens can be traded on centralizedcryptoexchanges. The most popular exchange to buy and tradeRenderis Coinbase Exchange, where the most active trading pairRENDER/USD has a trading volume of $7,653,596.03 in the last 24 hours. Other popular options include Gate.io and Bybit. What is the daily trading volume ofRender(RENDER)?"
Render,DuckDuckGo,"Live price ofRenderis $3.915036 with a market cap of $2.03B USD. Discover current price, trading volume, chart history, and more. BuyCrypto. Markets. Trade. Basic. ... Use yourcryptofor purchases, sendcryptoanywhere globally. Send. Store. A self-custody wallet to swap tokens, grow your portfolio. Explore."
Render,DuckDuckGo,"Render(RNDR) is a decentralized GPU rendering network built on the Ethereum blockchain, designed to connect artists and studios needing GPU computing power with providers offering excess capacity.Launched in 2017 by OTOY, Inc. CEO Jules Urbach, RNDR functions as an ERC-20 utility token that facilitates transactions between creators and GPU node operators."
Render,DuckDuckGo,"This direction, alongside projections of growth in the rendering industry over the next decade, suggests a bright future forRENDER. However, like allcryptoinvestments, risks due to market volatility and evolving regulations exist. To make an informed decision, thoroughly researching industry trends, guides, and potential risks is crucial."
Render,DuckDuckGo,"Track currentRenderToken prices in real-time with historicalRENDERUSD charts, liquidity, and volume. Get top exchanges, markets, and more. G-1FMKS1KQKY.RENDERPrice. ... All Pairs Fiat PairsCryptoPairs. AboutRENDER. Categories. Cloud Hosting. Asset Type. Token. Proof-Hash-Total Transfers-Holders-Mineable. No. Premined-Inflation ..."
Render,DuckDuckGo,"Renderis on the rise this week. â†—. The price ofRenderhas increased by 0.38% in the last hour and decreased by 0.61% in the past 24 hours.Render'sprice has also risen by 10.35% in the past week. The current price is $3.68 perRENDERwith a 24-hour trading volume of $96.33M. Currently,Renderis valued at 72.78% below its all time high ..."
Render,DuckDuckGo,"Render(RENDER) is just as reliable as any othercryptoasset â€” this corner of the world market is highly volatile. Today, for instance,Renderis estimated as 3.41% volatile. The only thing it means is that you must prepare and examine all available information before making a decision."
Render,DuckDuckGo,"Render(RENDER) can be bought and sold across 160cryptoexchanges. Based on trading volume and Trust Score, the most active exchange to tradeRenderis Coinbase Exchange, followed by Kraken."
Render,DuckDuckGo,"RenderPrice Today.Render'scurrent price is $ 3.65, it has dropped-0.63 % over the past 24 hours..Render'sAll Time High (ATH) of $ 13.59 was reached on 17 Mar 2024, and is currently -73.2 % down.. The current circulating supply ofRenderis 517.72 Million tokens, and the maximum supply ofRenderis 644.17 Million..Render's24 hour trading volume is $ 87.41 Million."
